City_ID,City,Country,Date,Lat,Lng,Max Temp,Humidity,Cloudiness,Wind Speed
0,Qaanaaq,GL,2020-11-25 00:36:13,77.48,-69.36,8.89,91,100,1.5
1,Arman,RU,2020-11-25 00:36:13,59.7,150.17,2.44,84,0,7.96
2,Bethel,US,2020-11-25 00:36:13,41.37,-73.41,36.0,80,1,3.36
3,Vaini,TO,2020-11-25 00:36:13,-21.2,-175.2,82.4,78,75,9.17
4,Mehamn,NO,2020-11-25 00:36:14,71.04,27.85,29.82,94,100,12.86
5,Coleraine,GB,2020-11-25 00:35:16,55.13,-6.67,46.4,93,40,8.05
6,Cabedelo,BR,2020-11-25 00:25:54,-6.98,-34.83,77.0,88,20,6.93
7,Sao Joao Da Barra,BR,2020-11-25 00:23:26,-21.64,-41.05,72.63,86,98,9.73
8,Kismayo,SO,2020-11-25 00:34:19,-0.36,42.55,79.43,84,0,7.87
9,Ushuaia,AR,2020-11-25 00:31:15,-54.8,-68.3,44.6,65,75,6.93
10,Vila Franca Do Campo,PT,2020-11-25 00:36:14,37.72,-25.43,55.4,58,20,11.41
11,Sangar,RU,2020-11-25 00:36:15,63.92,127.47,-18.24,87,30,5.3
12,Bredasdorp,ZA,2020-11-25 00:36:15,-34.53,20.04,53.6,66,13,8.05
13,Maceio,BR,2020-11-25 00:25:51,-9.67,-35.74,75.2,94,75,9.17
14,Havelock,US,2020-11-25 00:33:21,34.88,-76.9,46.99,83,7,4.47
15,Nagapattinam,IN,2020-11-25 00:36:15,10.77,79.83,73.72,88,100,23.22
16,Arraial Do Cabo,BR,2020-11-25 00:33:31,-22.97,-42.03,75.2,78,75,14.99
17,Taybad,IR,2020-11-25 00:36:16,34.74,60.78,31.89,86,0,1.14
18,Kysyl-Syr,RU,2020-11-25 00:36:16,63.9,122.76,-1.46,91,100,10.56
19,Nelson Bay,AU,2020-11-25 00:33:41,-32.72,152.15,75.0,53,40,12.75
20,Tsumeb,NA,2020-11-25 00:36:16,-19.23,17.72,77.45,49,100,10.36
21,Pangnirtung,CA,2020-11-25 00:36:16,66.15,-65.71,5.0,77,90,11.41
22,Komsomolskiy,UZ,2020-11-25 00:36:18,40.43,71.72,24.8,92,90,2.24
23,Rikitea,PF,2020-11-25 00:36:18,-23.12,-134.97,74.86,83,98,12.5
24,Kavieng,PG,2020-11-25 00:36:18,-2.57,150.8,84.94,72,100,8.81
25,Saldanha,ZA,2020-11-25 00:36:18,-33.01,17.94,53.6,76,40,2.24
26,Quesnel,CA,2020-11-25 00:36:19,53.0,-122.5,32.0,93,90,2.24
27,Tarbagatay,RU,2020-11-25 00:36:19,51.48,107.36,15.8,78,90,8.95
28,Busselton,AU,2020-11-25 00:33:12,-33.65,115.33,62.01,62,0,3.0
29,Mataura,NZ,2020-11-25 00:36:19,-46.19,168.86,69.01,43,0,7.0
30,Cape Town,ZA,2020-11-25 00:32:10,-33.93,18.42,59.0,58,75,4.7
31,Albany,US,2020-11-25 00:36:19,42.6,-73.97,33.01,61,99,2.55
32,Matara,LK,2020-11-25 00:36:20,5.95,80.54,77.13,86,100,9.62
33,Sinnamary,GF,2020-11-25 00:26:47,5.38,-52.95,78.48,86,24,9.86
34,Makakilo City,US,2020-11-25 00:26:58,21.35,-158.09,86.0,51,75,10.29
35,Yellowknife,CA,2020-11-25 00:36:20,62.46,-114.35,14.0,92,90,12.75
36,Sao Felix Do Xingu,BR,2020-11-25 00:36:20,-6.64,-51.99,73.29,95,34,1.19
37,Airai,TL,2020-11-25 00:36:20,-8.93,125.41,77.25,58,74,0.76
38,Richards Bay,ZA,2020-11-25 00:36:21,-28.78,32.04,70.18,88,100,11.36
39,Kirakira,SB,2020-11-25 00:36:21,-10.45,161.92,79.75,82,100,15.82
40,Saskylakh,RU,2020-11-25 00:36:21,71.92,114.08,-5.15,91,72,4.36
41,Hithadhoo,MV,2020-11-25 00:36:21,-0.6,73.08,81.63,79,0,11.07
42,Avarua,CK,2020-11-25 00:32:18,-21.21,-159.78,78.8,83,100,4.7
43,Nueva Helvecia,UY,2020-11-25 00:36:22,-34.3,-57.23,69.01,77,2,10.0
44,Rio Gallegos,AR,2020-11-25 00:36:22,-51.62,-69.22,53.6,58,75,3.36
45,Khatanga,RU,2020-11-25 00:36:22,71.97,102.5,9.91,96,99,8.57
46,Victor Harbor,AU,2020-11-25 00:36:22,-35.57,138.62,82.99,36,0,1.01
47,Sioux Lookout,CA,2020-11-25 00:36:04,50.1,-91.92,28.4,100,90,6.93
48,Klaksvik,FO,2020-11-25 00:36:23,62.23,-6.59,37.4,93,0,1.12
49,Piacabucu,BR,2020-11-25 00:36:24,-10.41,-36.43,75.38,79,47,6.71
50,Hornepayne,CA,2020-11-25 00:36:24,49.21,-84.77,23.76,93,100,10.58
51,Half Moon Bay,US,2020-11-25 00:33:31,37.46,-122.43,63.0,87,40,9.17
52,Jamestown,US,2020-11-25 00:36:24,42.1,-79.24,39.0,69,90,8.05
53,Kapaa,US,2020-11-25 00:36:25,22.08,-159.32,80.6,74,90,19.46
54,Portland,US,2020-11-25 00:33:15,45.52,-122.68,51.01,87,100,4.0
55,Tasiilaq,GL,2020-11-25 00:36:25,65.61,-37.64,21.2,79,100,10.29
56,Barrow,US,2020-11-25 00:35:48,71.29,-156.79,12.2,78,90,19.46
57,Riyadh,SA,2020-11-25 00:34:21,24.69,46.72,53.6,62,0,2.73
58,Mumford,GH,2020-11-25 00:36:25,5.26,-0.76,79.23,86,4,9.1
59,Vostok,RU,2020-11-25 00:36:25,46.49,135.88,19.24,95,87,4.65
60,Souillac,MU,2020-11-25 00:36:26,-20.52,57.52,75.2,88,75,11.41
61,Dhupgari,IN,2020-11-25 00:36:26,26.59,89.01,60.82,63,50,2.08
62,Atuona,PF,2020-11-25 00:36:26,-9.8,-139.03,78.64,73,75,13.22
63,Chokurdakh,RU,2020-11-25 00:36:26,70.63,147.92,-0.69,93,100,10.47
64,Lima,PE,2020-11-25 00:36:22,-12.04,-77.03,64.4,72,0,14.99
65,Butaritari,KI,2020-11-25 00:36:26,3.07,172.79,82.35,78,100,18.68
66,Sao Filipe,CV,2020-11-25 00:36:26,14.9,-24.5,79.59,70,100,4.88
67,Pauini,BR,2020-11-25 00:36:27,-7.71,-66.98,75.99,96,100,3.6
68,Mahebourg,MU,2020-11-25 00:36:27,-20.41,57.7,75.2,88,75,11.41
69,Miracatu,BR,2020-11-25 00:36:27,-24.28,-47.46,67.93,94,29,2.51
70,Thompson,CA,2020-11-25 00:36:27,55.74,-97.86,1.4,84,20,5.82
71,Bardejov,SK,2020-11-25 00:36:27,49.29,21.27,32.0,100,97,18.01
72,Tselinnoye,RU,2020-11-25 00:36:27,53.08,85.67,13.84,96,82,0.6
73,Moron,AR,2020-11-25 00:34:39,-34.65,-58.62,73.4,60,0,20.8
74,Houlton,US,2020-11-25 00:36:28,46.13,-67.84,21.2,62,90,8.05
75,Ahipara,NZ,2020-11-25 00:36:28,-35.17,173.17,69.84,66,24,18.84
76,Port Alfred,ZA,2020-11-25 00:36:28,-33.59,26.89,62.64,67,100,18.77
77,Geraldton,AU,2020-11-25 00:34:09,-28.77,114.6,71.6,68,7,21.92
78,Santa Isabel Do Rio Negro,BR,2020-11-25 00:36:29,-0.41,-65.02,75.76,93,73,1.07
79,Nanortalik,GL,2020-11-25 00:36:29,60.14,-45.24,32.47,96,100,38.52
80,Hermanus,ZA,2020-11-25 00:36:29,-34.42,19.23,57.0,71,28,1.01
81,San Cristobal,VE,2020-11-25 00:36:29,7.77,-72.22,80.6,78,40,2.24
82,Sitka,US,2020-11-25 00:36:29,57.05,-135.33,44.6,70,90,8.05
83,Ribeira Grande,PT,2020-11-25 00:36:30,38.52,-28.7,57.34,58,6,15.82
84,Georgetown,MY,2020-11-25 00:33:48,5.41,100.34,77.0,100,20,4.72
85,Luanda,AO,2020-11-25 00:36:30,-8.84,13.23,77.0,88,20,6.93
86,Hobart,AU,2020-11-25 00:35:14,-42.88,147.33,82.0,53,75,10.29
87,Fortuna,US,2020-11-25 00:33:03,40.6,-124.16,54.0,14,39,1.99
88,Te Anau,NZ,2020-11-25 00:36:30,-45.42,167.72,65.97,41,0,3.85
89,Hasaki,JP,2020-11-25 00:36:30,35.73,140.83,50.0,93,75,12.75
90,Tuktoyaktuk,CA,2020-11-25 00:36:30,69.45,-133.04,-0.4,84,75,3.36
91,Weligama,LK,2020-11-25 00:36:30,5.97,80.42,77.49,86,100,9.31
92,Punta Arenas,CL,2020-11-25 00:36:31,-53.15,-70.92,46.4,75,75,13.87
93,Victoria,HK,2020-11-25 00:35:18,22.29,114.16,73.0,79,17,1.01
94,Saint-Augustin,CA,2020-11-25 00:26:42,51.23,-58.65,19.11,87,100,32.19
95,Bilma,NE,2020-11-25 00:36:31,18.69,12.92,63.41,36,0,16.98
96,Kabompo,ZM,2020-11-25 00:36:31,-13.59,24.2,64.67,95,100,1.99
97,Kodiak,US,2020-11-25 00:36:31,57.79,-152.41,39.2,80,1,4.7
98,Pimentel,PE,2020-11-25 00:36:31,-6.84,-79.93,66.2,72,0,19.46
99,Darhan,MN,2020-11-25 00:36:32,49.49,105.92,14.09,93,100,3.62
100,Sarkand,KZ,2020-11-25 00:36:32,45.41,79.92,18.46,74,0,4.32
101,Tiksi,RU,2020-11-25 00:36:32,71.69,128.87,-1.84,92,94,7.72
102,Lompoc,US,2020-11-25 00:36:32,34.64,-120.46,62.6,55,1,10.29
103,Bryan,US,2020-11-25 00:34:23,30.67,-96.37,75.99,73,75,13.87
104,The Valley,AI,2020-11-25 00:34:51,18.22,-63.06,80.6,83,20,6.93
105,Xining,CN,2020-11-25 00:36:32,36.62,101.77,19.67,91,28,1.16
106,Chapais,CA,2020-11-25 00:33:27,49.78,-74.85,8.6,92,90,3.36
107,Honningsvag,NO,2020-11-25 00:33:34,70.98,25.97,34.9,83,100,23.6
108,Warri,NG,2020-11-25 00:36:33,5.52,5.75,76.51,93,100,3.24
109,Vung Tau,VN,2020-11-25 00:34:47,10.35,107.08,80.65,69,100,6.02
110,Faanui,PF,2020-11-25 00:36:33,-16.48,-151.75,81.18,79,0,13.94
111,Cherskiy,RU,2020-11-25 00:36:33,68.75,161.3,-0.87,92,100,3.96
112,Ponta Do Sol,PT,2020-11-25 00:36:33,32.67,-17.1,62.6,77,40,2.24
113,Amahai,ID,2020-11-25 00:36:34,-3.33,128.92,85.93,68,87,1.25
114,Shenjiamen,CN,2020-11-25 00:36:34,29.96,122.3,61.02,88,100,1.41
115,Gamba,GA,2020-11-25 00:26:46,-2.65,10.0,78.04,90,98,3.65
116,Hilo,US,2020-11-25 00:36:34,19.73,-155.09,80.6,69,40,5.82
117,Severo-Kurilsk,RU,2020-11-25 00:36:34,50.68,156.12,30.4,90,94,33.33
118,High Prairie,CA,2020-11-25 00:36:34,55.43,-116.49,37.4,92,100,8.05
119,Batemans Bay,AU,2020-11-25 00:36:34,-35.72,150.18,66.99,77,4,11.99
120,Saint George,US,2020-11-25 00:36:36,37.1,-113.58,55.4,24,1,3.36
121,Port Lincoln,AU,2020-11-25 00:33:21,-34.73,135.87,79.48,33,0,7.61
122,Vaitape,PF,2020-11-25 00:36:36,-16.52,-151.75,82.24,77,0,14.67
123,Tazovskiy,RU,2020-11-25 00:36:36,67.47,78.7,9.45,95,100,9.98
124,Filingue,NE,2020-11-25 00:36:36,14.35,3.32,75.49,19,0,9.4
125,Kaitangata,NZ,2020-11-25 00:36:36,-46.28,169.85,62.01,75,0,10.0
126,Kaka,TM,2020-11-25 00:36:36,37.35,59.61,34.47,86,0,5.01
127,Lahij,YE,2020-11-25 00:36:36,13.17,44.58,75.22,69,95,4.61
128,Baraya,CO,2020-11-25 00:36:36,3.15,-75.05,73.99,69,99,5.86
129,Mar Del Plata,AR,2020-11-25 00:33:23,-38.0,-57.56,66.99,93,0,4.5
130,Huanren,CN,2020-11-25 00:36:37,41.26,125.37,32.18,85,100,2.28
131,Carutapera,BR,2020-11-25 00:36:37,-1.2,-46.02,78.93,84,61,7.94
132,Ayagoz,KZ,2020-11-25 00:26:50,47.97,80.44,6.49,90,3,8.12
133,Yerbogachen,RU,2020-11-25 00:36:37,61.28,108.01,-0.8,92,71,5.93
134,Lagoa,PT,2020-11-25 00:36:37,39.05,-27.98,56.59,57,15,15.82
135,Lasa,IT,2020-11-25 00:26:41,46.62,10.7,28.4,86,5,2.24
136,Lander,US,2020-11-25 00:36:37,42.83,-108.73,33.8,37,1,8.05
137,Balkhash,KZ,2020-11-25 00:36:38,46.84,74.98,12.42,92,0,12.62
138,Rawson,AR,2020-11-25 00:36:38,-43.3,-65.1,61.38,46,53,22.68
139,Torbay,CA,2020-11-25 00:36:38,47.67,-52.73,37.99,80,90,31.09
140,Banjar,ID,2020-11-25 00:36:38,-8.19,114.97,78.8,94,75,2.24
141,Carnarvon,AU,2020-11-25 00:36:38,-24.87,113.63,75.2,73,0,20.8
142,Kulunda,RU,2020-11-25 00:36:38,52.57,78.94,15.08,97,97,3.11
143,Bintulu,MY,2020-11-25 00:36:39,3.17,113.03,75.2,100,40,2.24
144,Jesus Carranza,MX,2020-11-25 00:36:39,17.43,-95.03,72.16,87,19,1.95
145,Along,IN,2020-11-25 00:36:39,28.17,94.77,51.98,59,0,1.7
146,Bluff,NZ,2020-11-25 00:36:39,-46.6,168.33,69.01,43,0,7.0
147,Fairbanks,US,2020-11-25 00:35:57,64.84,-147.72,6.8,84,40,1.12
148,Kjollefjord,NO,2020-11-25 00:36:39,70.95,27.35,31.15,92,100,13.56
149,Iquitos,PE,2020-11-25 00:34:23,-3.75,-73.25,82.4,78,0,3.44
150,Wamba,NG,2020-11-25 00:36:40,8.93,8.6,76.46,48,100,4.65
151,Bilibino,RU,2020-11-25 00:36:40,68.05,166.44,-2.25,90,100,3.31
152,Straumen,NO,2020-11-25 00:36:40,63.87,11.3,44.01,86,0,6.93
153,Kruisfontein,ZA,2020-11-25 00:36:40,-34.0,24.73,57.0,87,46,1.99
154,Longyearbyen,SJ,2020-11-25 00:36:40,78.22,15.64,26.6,92,75,3.36
155,Nikolskoye,RU,2020-11-25 00:36:41,59.7,30.79,36.0,97,75,4.47
156,Pacific Grove,US,2020-11-25 00:31:41,36.62,-121.92,55.4,76,1,5.19
157,Bonthe,SL,2020-11-25 00:36:41,7.53,-12.51,78.49,82,0,4.45
158,Taltal,CL,2020-11-25 00:36:41,-25.4,-70.48,62.73,66,65,3.53
159,Laela,TZ,2020-11-25 00:36:41,-8.57,32.05,64.31,65,42,1.54
160,Racine,US,2020-11-25 00:36:41,42.75,-88.08,39.99,93,90,6.93
161,Mount Isa,AU,2020-11-25 00:36:42,-20.73,139.5,98.6,13,8,8.05
162,Bengkulu,ID,2020-11-25 00:36:42,-3.8,102.27,74.95,92,100,2.66
163,Bathsheba,BB,2020-11-25 00:36:42,13.22,-59.52,80.6,78,40,16.11
164,Port-Cartier,CA,2020-11-25 00:36:42,50.03,-66.87,17.6,61,0,16.11
165,Luderitz,NA,2020-11-25 00:36:42,-26.65,15.16,62.6,63,0,11.41
166,Agapovka,RU,2020-11-25 00:36:43,53.3,59.13,12.2,85,40,2.24
167,Grahamstown,ZA,2020-11-25 00:32:28,-33.3,26.53,53.13,74,100,13.15
168,Isiro,CD,2020-11-25 00:36:43,2.77,27.62,66.36,97,100,2.51
169,Castro,BR,2020-11-25 00:36:43,-24.79,-50.01,62.15,97,9,7.0
170,Gisborne,NZ,2020-11-25 00:36:43,-38.65,178.0,63.0,81,100,5.01
171,Porteirinha,BR,2020-11-25 00:36:43,-15.74,-43.03,67.1,89,23,6.2
172,Tortoli,IT,2020-11-25 00:36:44,39.93,9.66,53.6,76,90,12.75
173,Matagami,CA,2020-11-25 00:36:44,49.75,-77.63,12.2,85,90,8.05
174,Chuy,UY,2020-11-25 00:36:44,-33.7,-53.46,73.2,72,1,13.27
175,Talara,PE,2020-11-25 00:36:44,-4.58,-81.27,63.86,86,51,15.08
176,Ayan,RU,2020-11-25 00:36:44,56.45,138.17,10.08,83,100,23.49
177,Lavrentiya,RU,2020-11-25 00:36:44,65.58,-171.0,37.09,93,100,39.12
178,Broome,US,2020-11-25 00:36:44,42.25,-75.83,30.2,68,1,4.7
179,Salta,AR,2020-11-25 00:36:45,-24.79,-65.41,80.6,51,0,3.36
180,Modica,IT,2020-11-25 00:36:45,36.85,14.77,57.99,95,91,3.91
181,Trogir,HR,2020-11-25 00:36:45,43.51,16.25,48.2,57,0,5.82
182,Alta Floresta,BR,2020-11-25 00:36:45,-9.88,-56.09,73.53,94,2,2.84
183,Grand Gaube,MU,2020-11-25 00:36:45,-20.01,57.66,75.0,79,7,3.0
184,Man,CI,2020-11-25 00:36:46,7.41,-7.55,71.8,80,67,1.88
185,Kailua,US,2020-11-25 00:36:46,21.4,-157.74,80.6,69,90,13.87
186,Saint-Philippe,RE,2020-11-25 00:36:46,-21.36,55.77,73.4,60,66,4.7
187,Port Elizabeth,ZA,2020-11-25 00:36:40,-33.92,25.57,59.0,77,0,11.41
188,Tilichiki,RU,2020-11-25 00:36:46,60.47,166.1,5.22,94,96,5.75
189,New Norfolk,AU,2020-11-25 00:34:07,-42.78,147.06,82.0,50,1,1.99
190,Yeppoon,AU,2020-11-25 00:36:47,-23.13,150.73,84.2,51,75,9.17
191,Nuuk,GL,2020-11-25 00:36:47,64.18,-51.72,32.0,97,100,16.11
192,Buala,SB,2020-11-25 00:36:47,-8.14,159.59,79.14,70,100,7.47
193,Salalah,OM,2020-11-25 00:36:47,17.02,54.09,78.8,26,0,14.99
194,Isangel,VU,2020-11-25 00:36:47,-19.55,169.27,86.0,66,75,6.93
195,Nizwa,OM,2020-11-25 00:36:48,22.93,57.53,60.87,73,0,5.86
196,Homer,US,2020-11-25 00:36:48,59.64,-151.55,37.99,82,40,5.82
197,Dudinka,RU,2020-11-25 00:36:48,69.41,86.18,15.8,92,75,15.66
198,Banepa,NP,2020-11-25 00:36:48,27.63,85.52,42.8,93,20,2.24
199,Neiafu,TO,2020-11-25 00:36:48,-18.65,-173.98,82.4,78,75,8.05
200,Huarmey,PE,2020-11-25 00:26:58,-10.07,-78.15,63.95,83,13,8.39
201,Vendas Novas,PT,2020-11-25 00:36:49,38.68,-8.46,60.8,87,90,11.41
202,Namwala,ZM,2020-11-25 00:36:49,-15.75,26.44,70.86,84,100,7.0
203,Satipo,PE,2020-11-25 00:36:49,-11.25,-74.64,77.7,55,24,3.11
204,Padilla,CO,2020-11-25 00:36:49,3.22,-76.31,71.6,83,75,5.82
205,Nome,US,2020-11-25 00:32:40,64.5,-165.41,33.8,100,90,31.09
206,Orel,RU,2020-11-25 00:36:49,52.97,36.08,30.78,98,100,8.3
207,Beyneu,KZ,2020-11-25 00:36:49,45.32,55.2,30.06,93,100,7.94
208,Hue,VN,2020-11-25 00:36:50,16.47,107.6,75.2,94,75,2.24
209,Ballina,AU,2020-11-25 00:26:57,-28.87,153.57,75.99,69,75,16.11
210,Hofn,IS,2020-11-25 00:36:50,64.25,-15.21,35.53,81,0,17.25
211,Lac Du Bonnet,CA,2020-11-25 00:36:50,50.25,-96.06,26.6,86,66,14.99
212,Kitimat,CA,2020-11-25 00:36:50,54.05,-128.65,37.0,96,98,0.25
213,Yumen,CN,2020-11-25 00:27:07,40.28,97.2,15.93,83,23,0.51
214,Santiago,CL,2020-11-25 00:33:02,-33.46,-70.65,71.6,30,0,9.17
215,Ketchikan,US,2020-11-25 00:36:51,55.34,-131.65,41.0,86,90,16.11
216,Fort Nelson,CA,2020-11-25 00:36:51,58.81,-122.7,3.2,84,40,4.7
217,Iqaluit,CA,2020-11-25 00:36:51,63.75,-68.51,1.4,70,75,4.7
218,Zhigansk,RU,2020-11-25 00:36:51,66.77,123.37,-2.99,91,100,14.47
219,Puerto Ayora,EC,2020-11-25 00:36:51,-0.74,-90.35,71.01,89,61,8.01
220,Manica,FR,2020-11-25 00:36:51,49.0,-1.17,44.6,87,0,10.29
221,Havoysund,NO,2020-11-25 00:36:51,71.0,24.66,32.0,92,0,13.87
222,Fernandez,AR,2020-11-25 00:36:52,-27.92,-63.89,96.13,22,100,9.62
223,Petropavlovsk-Kamchatskiy,RU,2020-11-25 00:36:52,53.05,158.65,24.8,68,40,2.24
224,Haines Junction,CA,2020-11-25 00:36:52,60.75,-137.51,5.0,92,0,1.12
225,Karratha,AU,2020-11-25 00:36:52,-20.74,116.85,88.93,43,0,3.29
226,Guozhen,CN,2020-11-25 00:36:53,34.37,107.36,36.14,81,91,4.9
227,Upernavik,GL,2020-11-25 00:36:53,72.79,-56.15,7.29,75,0,10.0
228,Benguela,AO,2020-11-25 00:36:53,-12.58,13.41,76.14,81,100,5.55
229,Olafsvik,IS,2020-11-25 00:36:53,64.89,-23.71,34.14,85,21,10.36
230,Bud,US,2020-11-25 00:36:53,39.45,-86.18,46.4,70,1,5.82
231,Severobaykalsk,RU,2020-11-25 00:36:53,55.65,109.32,7.7,83,0,5.37
232,Vestmannaeyjar,IS,2020-11-25 00:36:54,63.44,-20.27,36.64,79,0,10.89
233,Cidreira,BR,2020-11-25 00:36:54,-30.18,-50.21,71.47,80,0,23.38
234,Okhotsk,RU,2020-11-25 00:27:08,59.38,143.3,-6.3,86,46,21.83
235,Cotonou,BJ,2020-11-25 00:27:03,6.37,2.42,84.2,79,40,12.75
236,Port Moresby,PG,2020-11-25 00:36:54,-9.44,147.18,87.8,66,20,3.36
237,Auki,SB,2020-11-25 00:36:54,-8.77,160.7,73.62,86,100,7.67
238,Hit,IQ,2020-11-25 00:36:54,33.64,42.83,53.64,41,99,0.4
239,Stephenville Crossing,CA,2020-11-25 00:36:55,48.5,-58.43,26.6,79,90,26.4
240,Johi,PK,2020-11-25 00:36:55,26.69,67.61,57.87,64,18,3.2
241,Chateau-Gontier,FR,2020-11-25 00:36:55,47.83,-0.7,43.0,100,40,5.82
242,Grindavik,IS,2020-11-25 00:36:55,63.84,-22.43,33.8,80,40,13.87
243,Wanning,CN,2020-11-25 00:36:55,18.8,110.4,76.14,85,79,13.15
244,Mana,GF,2020-11-25 00:36:55,5.66,-53.78,78.01,87,41,9.57
245,Kosino,RU,2020-11-25 00:36:55,58.41,51.28,27.39,98,100,10.4
246,Port Blair,IN,2020-11-25 00:36:55,11.67,92.75,82.13,76,0,10.42
247,Severnyy,RU,2020-11-25 00:36:55,50.68,36.55,33.8,97,75,6.71
248,Oxford,GB,2020-11-25 00:35:28,51.75,-1.26,48.2,87,90,14.99
249,San Jeronimo,PE,2020-11-25 00:36:56,-11.95,-75.28,53.04,64,8,3.29
250,Solwezi,ZM,2020-11-25 00:36:56,-12.17,26.39,60.94,96,98,2.51
251,Djibo,BF,2020-11-25 00:36:56,14.1,-1.63,69.03,21,0,9.71
252,Verkhniy Tagil,RU,2020-11-25 00:36:56,57.37,59.96,19.6,94,100,6.04
253,Labuhan,ID,2020-11-25 00:36:56,-6.88,112.21,82.42,75,100,11.27
254,Flinders,AU,2020-11-25 00:35:53,-34.58,150.86,72.0,74,49,1.99
255,Constitucion,CL,2020-11-25 00:36:56,-35.33,-72.42,55.0,88,0,7.34
256,Lorengau,PG,2020-11-25 00:36:57,-2.02,147.27,86.5,63,15,5.99
257,Los Llanos De Aridane,ES,2020-11-25 00:36:57,28.66,-17.92,68.0,68,0,5.82
258,Leningradskiy,RU,2020-11-25 00:36:57,69.38,178.42,26.67,97,100,27.78
259,Hami,CN,2020-11-25 00:36:57,42.8,93.45,16.5,74,0,3.96
260,Emerald,AU,2020-11-25 00:36:57,-23.53,148.17,86.0,51,100,9.17
261,East London,ZA,2020-11-25 00:36:57,-33.02,27.91,63.88,70,47,14.54
262,Bibiani,GH,2020-11-25 00:36:57,6.46,-2.32,71.28,98,3,1.81
263,Nara,JP,2020-11-25 00:35:02,34.69,135.8,55.99,71,75,3.36
264,Kangaatsiaq,GL,2020-11-25 00:36:58,68.31,-53.46,28.45,90,100,23.82
265,Talcahuano,CL,2020-11-25 00:36:21,-36.72,-73.12,59.0,87,40,5.82
266,Aksarka,RU,2020-11-25 00:36:58,66.56,67.8,16.88,97,100,9.86
267,Aojiang,CN,2020-11-25 00:36:58,22.94,116.04,72.0,77,7,1.01
268,Papetoai,PF,2020-11-25 00:36:58,-17.5,-149.87,77.0,94,75,9.17
269,Ilulissat,GL,2020-11-25 00:34:00,69.22,-51.1,21.2,53,100,28.86
270,Nahariyya,IL,2020-11-25 00:36:59,33.01,35.09,67.46,55,53,4.97
271,Cullman,US,2020-11-25 00:34:30,34.17,-86.84,57.2,54,1,4.7
272,Hanna,CA,2020-11-25 00:36:59,51.63,-111.9,26.6,100,38,8.05
273,Odesskoye,RU,2020-11-25 00:36:59,54.21,72.97,9.93,96,30,4.05
274,Katsuura,JP,2020-11-25 00:36:59,35.13,140.3,52.0,93,75,13.87
275,Surt,LY,2020-11-25 00:36:59,31.21,16.59,65.16,71,1,8.68
276,Skibbereen,IE,2020-11-25 00:37:00,51.55,-9.27,39.2,86,0,5.82
277,San Ramon De La Nueva Oran,AR,2020-11-25 00:37:00,-23.13,-64.33,83.39,43,100,8.39
278,Lazaro Cardenas,MX,2020-11-25 00:37:00,17.96,-102.2,78.21,84,0,2.82
279,Bundaberg,AU,2020-11-25 00:37:00,-24.85,152.35,84.0,57,75,8.05
280,Itarema,BR,2020-11-25 00:37:00,-2.92,-39.92,80.11,80,66,15.59
281,Mpanda,TZ,2020-11-25 00:33:12,-6.37,31.04,65.12,88,0,0.58
282,Pisco,PE,2020-11-25 00:37:01,-13.7,-76.22,66.99,82,0,20.8
283,Kununurra,AU,2020-11-25 00:37:01,-15.77,128.73,82.4,83,0,4.7
284,Dingle,PH,2020-11-25 00:37:01,11.0,122.67,80.92,82,30,16.26
285,Matraterenye,HU,2020-11-25 00:37:01,48.03,19.95,32.0,95,0,1.05
286,Paracuru,BR,2020-11-25 00:37:01,-3.41,-39.03,82.4,74,75,12.75
287,Touros,BR,2020-11-25 00:37:01,-5.2,-35.46,77.0,83,40,9.17
288,Tura,IN,2020-11-25 00:37:01,25.52,90.22,59.97,90,80,3.83
289,Dikson,RU,2020-11-25 00:37:01,73.51,80.55,9.59,96,100,21.05
290,Villefranche-De-Rouergue,FR,2020-11-25 00:37:02,44.33,2.0,48.2,81,75,12.75
291,Narsaq,GL,2020-11-25 00:37:02,60.92,-46.05,37.4,51,100,25.28
292,Porbandar,IN,2020-11-25 00:37:02,21.64,69.61,71.04,45,0,8.72
293,Beloha,MG,2020-11-25 00:37:02,-25.17,45.05,68.9,74,70,3.98
294,Namatanai,PG,2020-11-25 00:37:02,-3.67,152.43,85.05,67,100,7.47
295,Castanhal,BR,2020-11-25 00:37:02,-1.29,-47.93,78.8,78,0,9.17
296,Praia,CV,2020-11-25 00:32:06,14.92,-23.51,78.8,78,75,9.17
297,Kurumkan,RU,2020-11-25 00:37:03,54.3,110.3,4.17,82,0,2.66
298,Padang,ID,2020-11-25 00:37:03,-0.95,100.35,78.04,75,100,3.13
299,Bay City,US,2020-11-25 00:37:03,43.59,-83.89,33.8,86,90,11.41
300,Adjumani,UG,2020-11-25 00:37:03,3.38,31.79,69.57,78,0,2.68
301,Muros,ES,2020-11-25 00:27:05,42.78,-9.06,53.01,93,99,4.56
302,Vila,PT,2020-11-25 00:37:04,42.03,-8.16,50.0,92,100,5.01
303,Santa Rita Do Sapucai,BR,2020-11-25 00:37:04,-22.25,-45.7,67.12,80,73,1.92
304,Seymchan,RU,2020-11-25 00:37:04,62.88,152.43,-0.98,88,100,7.4
305,Juegang,CN,2020-11-25 00:37:05,32.32,121.19,52.0,96,100,1.99
306,Panorama,GR,2020-11-25 00:37:05,40.59,23.03,51.01,65,40,4.7
307,Guerrero Negro,MX,2020-11-25 00:37:05,27.98,-114.06,62.1,81,0,11.16
308,Clyde River,CA,2020-11-25 00:37:06,70.47,-68.59,8.6,92,90,35.57
309,Sechura,PE,2020-11-25 00:32:07,-5.56,-80.82,65.34,77,93,15.35
310,Ust-Karsk,RU,2020-11-25 00:37:06,52.7,118.81,11.32,90,80,2.66
311,Dakoro,NE,2020-11-25 00:37:06,14.51,6.76,76.17,27,0,6.02
312,Kahului,US,2020-11-25 00:37:07,20.89,-156.47,82.4,65,75,26.4
313,Inhambane,MZ,2020-11-25 00:37:07,-23.86,35.38,77.92,93,8,11.05
314,Burnie,AU,2020-11-25 00:37:07,-41.07,145.92,59.0,88,100,13.0
315,Qingdao,CN,2020-11-25 00:37:07,36.1,120.37,45.0,52,75,2.24
316,Sao Gabriel,BR,2020-11-25 00:37:07,-30.34,-54.32,76.98,46,0,9.42
317,Alpena,US,2020-11-25 00:37:07,45.06,-83.43,33.01,95,90,6.93
318,Severomorsk,RU,2020-11-25 00:37:07,69.07,33.42,21.2,92,90,2.89
319,Inongo,CD,2020-11-25 00:37:08,-1.95,18.27,69.87,94,96,1.25
320,Ancud,CL,2020-11-25 00:37:08,-41.87,-73.82,53.01,93,20,9.17
321,Morro Bay,US,2020-11-25 00:37:08,35.37,-120.85,57.99,74,0,1.01
322,Havre-Saint-Pierre,CA,2020-11-25 00:37:08,50.23,-63.6,15.8,56,1,17.22
323,Cabra,ES,2020-11-25 00:37:08,37.47,-4.44,53.6,76,75,3.36
324,Mitsamiouli,KM,2020-11-25 00:37:08,-11.38,43.28,79.54,78,5,13.02
325,Vardo,NO,2020-11-25 00:37:09,70.37,31.11,35.83,82,100,11.12
326,Finschhafen,PG,2020-11-25 00:37:09,-6.6,147.87,84.18,70,16,1.28
327,Gizo,SB,2020-11-25 00:37:09,-8.1,156.84,81.64,79,96,14.65
328,Hailar,CN,2020-11-25 00:37:09,49.2,119.7,9.61,92,0,5.37
329,Aswan,EG,2020-11-25 00:37:09,24.09,32.91,61.45,32,0,7.07
330,Areia Branca,BR,2020-11-25 00:35:20,-4.96,-37.14,79.56,70,0,21.09
331,Dryden,CA,2020-11-25 00:37:10,49.78,-92.75,28.4,92,90,6.93
332,Trairi,BR,2020-11-25 00:37:10,-3.28,-39.27,79.99,78,11,12.46
333,Samana,DO,2020-11-25 00:37:10,19.21,-69.34,78.8,83,40,10.0
334,Port Macquarie,AU,2020-11-25 00:37:10,-31.43,152.92,82.0,32,0,1.99
335,Fairview,US,2020-11-25 00:37:10,40.81,-74.0,48.2,56,1,3.83
336,Sarab,IR,2020-11-25 00:37:10,38.61,44.99,36.45,73,100,2.28
337,Apollonia,GR,2020-11-25 00:37:10,36.97,24.72,57.2,62,93,24.16
338,Wajir,KE,2020-11-25 00:37:11,1.75,40.06,78.71,75,0,13.47
339,Kungurtug,RU,2020-11-25 00:37:11,50.6,97.52,11.52,92,100,0.36
340,Hampden,US,2020-11-25 00:37:11,42.17,-72.58,34.0,74,40,2.06
341,Foumban,CM,2020-11-25 00:37:11,5.73,10.9,65.71,68,100,3.33
342,Coquimbo,CL,2020-11-25 00:34:46,-29.95,-71.34,59.0,82,0,8.05
343,Canto Do Buriti,BR,2020-11-25 00:37:12,-8.11,-42.94,76.37,65,22,4.27
344,Comodoro Rivadavia,AR,2020-11-25 00:37:12,-45.87,-67.5,64.4,34,0,13.87
345,Buraydah,SA,2020-11-25 00:37:12,26.33,43.98,57.2,67,0,5.82
346,Gomel,BY,2020-11-25 00:37:12,52.43,30.98,39.2,100,90,11.18
347,Redding,US,2020-11-25 00:37:12,40.59,-122.39,66.2,32,1,5.82
348,Kimbe,PG,2020-11-25 00:37:13,-5.55,150.14,80.98,83,100,5.41
349,Acarau,BR,2020-11-25 00:37:13,-2.89,-40.12,80.02,80,45,15.99
350,Castrillon,ES,2020-11-25 00:37:13,43.4,-6.79,53.6,66,40,4.7
351,Sao Caetano De Odivelas,BR,2020-11-25 00:37:13,-0.75,-48.02,76.12,87,86,6.4
352,Norman Wells,CA,2020-11-25 00:37:13,65.28,-126.83,-0.4,77,90,3.36
353,Aklavik,CA,2020-11-25 00:37:13,68.22,-135.01,1.4,84,90,1.97
354,Hobyo,SO,2020-11-25 00:37:13,5.35,48.53,79.81,78,8,8.5
355,Walvis Bay,NA,2020-11-25 00:33:16,-22.96,14.51,57.99,87,38,3.36
356,Samarai,PG,2020-11-25 00:37:14,-10.62,150.67,84.54,68,100,7.87
357,Lebu,CL,2020-11-25 00:37:14,-37.62,-73.65,54.34,90,29,3.47
358,Portobelo,PA,2020-11-25 00:37:14,9.55,-79.65,79.0,99,62,6.64
359,Dunedin,NZ,2020-11-25 00:32:22,-45.87,170.5,57.99,69,0,28.01
360,Maldonado,UY,2020-11-25 00:36:26,-34.67,-54.92,66.0,93,0,20.8
361,Taywarah,AF,2020-11-25 00:37:14,33.35,64.42,23.61,97,37,1.5
362,Matamoros,MX,2020-11-25 00:36:05,25.53,-103.25,87.8,12,5,4.7
363,Jamuria,IN,2020-11-25 00:37:15,23.7,87.08,59.0,87,94,5.32
364,Flagstaff,US,2020-11-25 00:36:02,35.2,-111.65,42.8,38,1,6.93
365,Kaeo,NZ,2020-11-25 00:37:15,-35.1,173.78,68.0,91,70,13.0
366,Manacapuru,BR,2020-11-25 00:35:42,-3.3,-60.62,77.0,100,75,4.92
367,Redmond,US,2020-11-25 00:36:02,47.67,-122.12,48.0,93,100,7.25
368,Abu Samrah,SY,2020-11-25 00:37:16,35.3,37.18,52.43,66,75,5.88
369,Huaiyin,CN,2020-11-25 00:37:16,33.59,119.02,44.83,72,97,7.14
370,Palmer,US,2020-11-25 00:37:16,42.16,-72.33,30.0,74,40,2.46
371,Althofen,AT,2020-11-25 00:37:16,46.88,14.47,27.0,92,5,1.12
372,Murgab,TM,2020-11-25 00:37:16,37.5,61.97,24.8,85,0,6.93
373,Tieli,CN,2020-11-25 00:37:16,46.95,128.05,21.2,97,100,1.5
374,Sumenep,ID,2020-11-25 00:37:17,-7.02,113.87,85.59,67,100,1.63
375,Brae,GB,2020-11-25 00:37:17,60.4,-1.35,44.6,87,40,11.41
376,Presidente Prudente,BR,2020-11-25 00:36:25,-22.13,-51.39,82.4,45,0,6.93
377,Zaltan,LY,2020-11-25 00:37:18,32.95,11.87,64.53,76,12,7.9
378,Husavik,IS,2020-11-25 00:37:19,66.04,-17.34,26.6,92,90,13.44
379,Bambous Virieux,MU,2020-11-25 00:37:19,-20.34,57.76,75.2,88,75,11.41
380,North Bend,US,2020-11-25 00:37:19,43.41,-124.22,53.6,87,90,10.29
381,Manzanillo,CU,2020-11-25 00:37:19,20.34,-77.12,74.05,87,23,13.49
382,Hervey Bay,AU,2020-11-25 00:37:19,-25.3,152.85,84.0,57,75,8.05
383,Tarko-Sale,RU,2020-11-25 00:37:19,64.92,77.78,15.33,96,96,12.82
384,La Ronge,CA,2020-11-25 00:37:20,55.1,-105.28,17.6,92,90,8.05
385,Vanimo,PG,2020-11-25 00:37:20,-2.67,141.3,85.91,62,25,2.13
386,Teguldet,RU,2020-11-25 00:37:20,57.31,88.17,6.28,95,0,2.91
387,Esfarayen,IR,2020-11-25 00:37:20,37.08,57.51,26.6,92,0,2.98
388,Luoyang,CN,2020-11-25 00:32:32,34.68,112.45,44.01,99,92,4.45
389,Marzuq,YE,2020-11-25 00:37:20,14.4,46.47,65.79,55,21,3.62
390,Biu,NG,2020-11-25 00:37:21,10.61,12.19,70.25,34,98,5.55
391,Marysville,US,2020-11-25 00:33:37,48.05,-122.18,44.01,93,90,5.82
392,Pandan,PH,2020-11-25 00:37:21,14.05,124.17,81.95,69,49,18.03
393,Zemio,CF,2020-11-25 00:37:21,5.03,25.14,68.77,68,99,2.93
394,Iwanai,JP,2020-11-25 00:37:21,42.97,140.51,40.69,69,95,4.29
395,Nyurba,RU,2020-11-25 00:37:21,63.28,118.33,-4.31,91,71,5.97
396,Fernley,US,2020-11-25 00:35:02,39.61,-119.25,48.0,35,0,1.01
397,Srivardhan,IN,2020-11-25 00:37:22,18.03,73.02,74.48,65,100,3.4
398,Hirara,JP,2020-11-25 00:37:16,24.8,125.28,77.0,69,20,12.75
399,Hohhot,CN,2020-11-25 00:37:22,40.81,111.65,12.2,78,100,4.47
400,Kemijarvi,FI,2020-11-25 00:37:22,66.71,27.43,20.95,97,6,1.83
401,Pevek,RU,2020-11-25 00:37:22,69.7,170.31,23.4,96,100,15.28
402,Ihosy,MG,2020-11-25 00:37:23,-22.4,46.12,69.12,83,83,7.11
403,Finnsnes,NO,2020-11-25 00:37:23,69.23,17.98,23.0,100,100,16.11
404,Road Town,VG,2020-11-25 00:34:55,18.42,-64.62,80.01,83,20,12.57
405,Svetlyy,RU,2020-11-25 00:37:23,54.67,20.13,46.4,93,90,15.66
406,Mahibadhoo,MV,2020-11-25 00:37:23,3.78,72.97,82.78,65,61,6.02
407,Vallenar,CL,2020-11-25 00:35:06,-28.57,-70.76,66.34,35,0,2.33
408,Telenesti,MD,2020-11-25 00:37:24,47.5,28.37,36.0,80,0,4.7
409,Yuanping,CN,2020-11-25 00:37:24,38.72,112.76,28.53,88,89,3.71
410,Kokkola,FI,2020-11-25 00:33:16,63.84,23.13,33.01,100,7,2.24
411,Yurla,RU,2020-11-25 00:37:25,59.33,54.32,23.27,96,100,9.26
412,Pundaguitan,PH,2020-11-25 00:37:25,6.37,126.17,80.78,75,100,5.37
413,Baiao,BR,2020-11-25 00:37:25,-2.79,-49.67,75.97,88,3,2.75
414,Marawi,PH,2020-11-25 00:37:26,8.0,124.29,82.0,81,100,5.01
415,Taoudenni,ML,2020-11-25 00:37:26,22.68,-3.98,58.05,35,66,12.17
416,Pemangkat,ID,2020-11-25 00:37:26,1.17,108.97,78.13,85,99,5.5
417,Mormugao,IN,2020-11-25 00:37:26,15.4,73.8,73.4,83,20,3.36
418,Mustasaari,FI,2020-11-25 00:37:26,63.11,21.68,32.0,92,90,6.93
419,Lawrenceburg,US,2020-11-25 00:35:55,38.04,-84.9,48.2,66,1,4.7
420,Soverato,IT,2020-11-25 00:37:27,38.69,16.55,55.4,82,54,5.82
421,Tecoanapa,MX,2020-11-25 00:37:27,16.52,-98.75,80.37,75,0,4.76
422,Hoquiam,US,2020-11-25 00:37:27,46.98,-123.89,46.4,87,90,10.29
423,Roma,US,2020-11-25 00:32:28,43.21,-75.46,28.4,79,1,3.38
424,Beringovskiy,RU,2020-11-25 00:37:28,63.05,179.32,19.18,94,100,25.43
425,Margate,GB,2020-11-25 00:37:29,51.38,1.39,50.0,77,100,5.01
426,Tuatapere,NZ,2020-11-25 00:37:29,-46.13,167.68,69.01,43,0,7.0
427,Sylvan Lake,CA,2020-11-25 00:37:29,52.32,-114.09,28.4,79,90,2.24
428,Kattivakkam,IN,2020-11-25 00:37:29,13.22,80.32,80.6,88,90,11.41
429,Tabon,PH,2020-11-25 00:37:29,9.24,117.99,83.14,72,90,1.97
430,Rocha,UY,2020-11-25 00:37:31,-34.48,-54.33,77.34,71,0,12.26
431,Somerset West,ZA,2020-11-25 00:34:19,-34.08,18.82,59.0,58,75,4.7
432,Micheweni,TZ,2020-11-25 00:37:31,-4.97,39.83,78.75,84,7,4.65
433,Oranjemund,NA,2020-11-25 00:37:31,-28.55,16.43,60.35,80,0,11.23
434,Marathon,US,2020-11-25 00:37:31,44.9,-89.77,33.8,100,90,8.05
435,Kasongo-Lunda,CD,2020-11-25 00:37:31,-6.47,16.82,69.03,90,100,0.31
436,Roald,NO,2020-11-25 00:37:32,62.58,6.13,42.8,93,90,6.93
437,Gazli,UZ,2020-11-25 00:37:32,40.13,63.45,28.06,92,100,7.81
438,Perpignan,FR,2020-11-25 00:37:32,42.75,2.75,46.99,93,56,3.36
439,Vila Velha,BR,2020-11-25 00:37:32,-20.33,-40.29,71.6,94,75,9.66
440,Muisne,EC,2020-11-25 00:37:32,0.6,-80.03,72.73,88,100,8.19
441,Pendleton,US,2020-11-25 00:35:04,45.67,-118.79,50.0,53,1,5.82
442,Chandbali,IN,2020-11-25 00:37:32,20.78,86.77,64.27,55,100,8.32
443,Sur,OM,2020-11-25 00:37:33,22.57,59.53,75.02,64,0,15.39
444,Fare,PF,2020-11-25 00:37:33,-16.7,-151.02,81.68,78,0,13.04
445,Minturno,IT,2020-11-25 00:37:33,41.26,13.72,53.01,81,40,5.82
446,Hovd,MN,2020-11-25 00:37:33,48.01,91.64,10.56,82,93,0.51
447,Sorland,NO,2020-11-25 00:37:33,67.67,12.69,41.0,86,75,18.34
448,Nalut,LY,2020-11-25 00:37:34,30.33,10.85,53.87,80,0,5.99
449,Nabire,ID,2020-11-25 00:37:34,-3.37,135.48,80.13,82,100,3.51
450,Kastamonu,TR,2020-11-25 00:37:34,41.5,33.67,37.09,87,100,3.53
451,Pangai,TO,2020-11-25 00:37:34,-19.8,-174.35,82.4,74,75,9.17
452,Kleinmachnow,DE,2020-11-25 00:37:34,52.4,13.23,36.0,100,100,6.93
453,Teeli,RU,2020-11-25 00:37:34,51.03,90.23,12.18,94,85,0.49
454,Orbe,CH,2020-11-25 00:37:35,46.73,6.53,37.4,93,75,6.93
455,Inta,RU,2020-11-25 00:37:35,66.03,60.17,20.1,98,100,6.06
456,Kasamwa,TZ,2020-11-25 00:37:35,-2.85,32.43,64.09,93,64,1.61
457,Dicabisagan,PH,2020-11-25 00:37:35,17.08,122.42,78.51,78,26,11.88
458,Mount Gambier,AU,2020-11-25 00:36:41,-37.83,140.77,73.4,46,0,16.11
459,Alofi,NU,2020-11-25 00:37:36,-19.06,-169.92,82.4,74,75,14.99
460,Podosinovets,RU,2020-11-25 00:37:38,60.28,47.07,25.29,98,92,4.92
461,Chechat,IN,2020-11-25 00:37:38,24.77,75.88,57.31,46,0,4.61
462,Meulaboh,ID,2020-11-25 00:37:38,4.14,96.13,78.39,83,16,3.58
463,Kenai,US,2020-11-25 00:37:38,60.55,-151.26,30.99,80,90,6.93
464,Kurilsk,RU,2020-11-25 00:37:38,45.23,147.88,38.16,80,100,19.71
465,Saint-Pierre,RE,2020-11-25 00:37:38,-21.34,55.48,69.8,60,58,4.7
466,Port Hardy,CA,2020-11-25 00:37:39,50.7,-127.42,44.6,87,90,2.24
467,Qaqortoq,GL,2020-11-25 00:37:39,60.72,-46.03,37.4,51,100,25.28
468,Dickinson,US,2020-11-25 00:37:39,29.46,-95.05,75.99,78,75,11.41
469,Nemuro,JP,2020-11-25 00:37:39,43.32,145.57,37.4,55,75,6.93
470,Lingao,CN,2020-11-25 00:37:39,19.91,109.69,75.45,82,53,17.22
471,Okakarara,NA,2020-11-25 00:37:40,-20.58,17.43,70.16,23,24,9.06
472,Henties Bay,NA,2020-11-25 00:37:40,-22.12,14.28,57.99,88,0,11.59
473,Kaili,ID,2020-11-25 00:37:41,-3.46,120.21,71.67,85,100,0.85
474,Sosnovo-Ozerskoye,RU,2020-11-25 00:37:41,52.52,111.54,1.35,92,16,2.37
475,San Policarpo,PH,2020-11-25 00:37:41,12.18,125.51,83.41,72,0,17.72
476,Kudahuvadhoo,MV,2020-11-25 00:37:43,2.67,72.89,80.94,74,61,6.2
477,Stepnyak,KZ,2020-11-25 00:37:43,52.83,70.78,9.14,95,3,6.8
478,Irimbo,MX,2020-11-25 00:37:43,19.7,-100.48,73.4,27,5,2.66
479,Port-Gentil,GA,2020-11-25 00:37:43,-0.72,8.78,80.6,88,40,9.17
480,Nibong Tebal,MY,2020-11-25 00:37:43,5.17,100.48,77.0,83,20,3.29
481,Mandan,US,2020-11-25 00:37:44,46.83,-100.89,24.01,85,1,2.89
482,Zhangye,CN,2020-11-25 00:34:28,38.93,100.45,21.0,79,86,1.72
483,Buenos Aires,AR,2020-11-25 00:33:11,-34.61,-58.38,73.0,73,0,27.51
484,Caconda,AO,2020-11-25 00:37:45,-13.73,15.07,62.2,98,100,2.95
485,Conceicao Do Araguaia,BR,2020-11-25 00:37:45,-8.26,-49.26,78.8,67,5,2.73
486,Araouane,ML,2020-11-25 00:37:46,18.9,-3.53,62.37,29,33,10.67
487,Orhei,MD,2020-11-25 00:37:46,47.38,28.82,30.2,86,0,9.17
488,Altay,CN,2020-11-25 00:37:46,47.87,88.12,10.67,62,0,3.87
489,Ajdabiya,LY,2020-11-25 00:37:47,30.76,20.23,60.55,64,0,4.29
490,Palmares Do Sul,BR,2020-11-25 00:37:47,-30.26,-50.51,71.02,77,0,18.16
491,Kawalu,ID,2020-11-25 00:37:47,-7.38,108.21,78.71,74,100,4.12
492,La Ligua,CL,2020-11-25 00:33:31,-32.45,-71.23,64.4,52,0,10.29
493,Sorkjosen,NO,2020-11-25 00:37:47,69.8,20.93,27.64,89,100,10.76
494,Gonaives,HT,2020-11-25 00:34:44,19.45,-72.68,74.89,83,2,6.85
495,Lyuban,BY,2020-11-25 00:37:48,52.8,28.0,39.16,85,99,12.41
496,Kalmunai,LK,2020-11-25 00:37:48,7.42,81.82,77.47,83,100,7.23
497,Umm Kaddadah,SD,2020-11-25 00:37:49,13.6,26.69,70.93,23,4,10.63
498,Ugoofaaru,MV,2020-11-25 00:37:49,5.67,73.0,81.37,63,99,3.53
499,Niksar,TR,2020-11-25 00:37:49,40.59,36.95,42.94,70,100,0.98
500,Mweka,CD,2020-11-25 00:37:50,-4.85,21.57,66.7,100,100,1.52
501,Seoul,KR,2020-11-25 00:33:26,37.57,126.98,37.4,64,1,0.51
502,Beira,MZ,2020-11-25 00:37:51,-19.84,34.84,78.8,94,0,2.24
503,Liaoyang,CN,2020-11-25 00:37:52,41.27,123.17,28.4,79,100,4.47
504,Kamina,CD,2020-11-25 00:37:52,-8.74,24.99,65.77,98,100,5.35
505,Marfino,RU,2020-11-25 00:37:53,55.7,37.38,34.0,99,75,8.95
506,Axim,GH,2020-11-25 00:37:54,4.87,-2.24,78.55,86,2,6.38
507,Edson,CA,2020-11-25 00:36:41,53.58,-116.44,28.4,92,90,4.7
508,Juybar,IR,2020-11-25 00:37:55,36.64,52.91,46.6,71,0,6.87
509,Troitsko-Pechorsk,RU,2020-11-25 00:37:55,62.71,56.2,20.39,96,98,7.16
510,At-Bashi,KG,2020-11-25 00:37:56,41.17,75.81,11.71,64,100,0.94
511,Katangli,RU,2020-11-25 00:37:57,51.71,143.23,17.89,77,0,19.04
512,Carson City,US,2020-11-25 00:37:31,39.16,-119.77,48.2,39,40,5.82
513,Aksarayskiy,RU,2020-11-25 00:37:57,46.79,48.01,35.6,95,0,6.71
514,Yago,MX,2020-11-25 00:37:58,21.83,-105.07,80.6,47,5,8.05
515,Doha,QA,2020-11-25 00:35:33,25.29,51.53,68.0,72,0,10.29
516,Jerez,GT,2020-11-25 00:37:59,14.1,-89.75,77.0,65,0,4.65
517,Tongliao,CN,2020-11-25 00:35:47,43.61,122.27,21.07,94,48,8.1
518,Igunga,TZ,2020-11-25 00:35:29,-4.28,33.88,72.7,57,0,3.24
519,Guiren,CN,2020-11-25 00:38:02,33.67,118.19,43.39,72,100,5.86
520,Forbes,AU,2020-11-25 00:37:36,-33.38,148.02,80.51,35,0,8.37
521,Kloulklubed,PW,2020-11-25 00:38:03,7.04,134.26,87.8,66,75,9.17
522,Thoen,TH,2020-11-25 00:38:03,17.61,99.22,74.14,83,36,2.35
523,Candelaria,PH,2020-11-25 00:37:07,13.93,121.42,82.0,73,0,8.01
524,Winnemucca,US,2020-11-25 00:36:26,40.97,-117.74,46.4,42,1,6.93
525,Acurenam,GQ,2020-11-25 00:38:03,1.03,10.65,68.65,98,61,3.36
526,Tsiroanomandidy,MG,2020-11-25 00:38:04,-18.77,46.03,71.15,78,85,2.91
527,Sibolga,ID,2020-11-25 00:38:04,1.74,98.78,75.13,84,100,4.09
528,Paraiso,CR,2020-11-25 00:38:04,9.84,-83.87,71.6,78,40,11.41
529,Ivnya,RU,2020-11-25 00:38:05,51.06,36.13,33.8,98,75,6.71
530,Porto Santo,PT,2020-11-25 00:38:05,33.07,-16.34,64.4,77,40,11.41
531,Angoche,MZ,2020-11-25 00:38:06,-16.23,39.91,79.57,74,76,11.23
532,Owando,CG,2020-11-25 00:38:06,-0.48,15.9,71.47,92,100,2.04
533,Xuddur,SO,2020-11-25 00:38:07,4.12,43.89,74.05,82,0,10.87
534,Imeni Babushkina,RU,2020-11-25 00:38:07,59.76,43.13,28.24,98,99,3.0
535,Corinto,GR,2020-11-25 00:38:07,37.94,22.96,59.0,45,99,8.01
536,Smithville,US,2020-11-25 00:35:04,39.39,-94.58,52.0,87,90,5.82
537,Avera,US,2020-11-25 00:38:08,33.19,-82.53,53.6,66,1,5.82
538,Solhan,TR,2020-11-25 00:38:08,38.96,41.03,35.24,73,100,1.95
539,Sobolevo,RU,2020-11-25 00:38:08,54.43,31.9,34.05,98,100,2.46
540,Valparaiso,CL,2020-11-25 00:38:08,-33.04,-71.63,64.4,52,0,10.29
541,Viedma,AR,2020-11-25 00:38:08,-40.81,-63.0,60.01,50,88,12.93
542,Traverse City,US,2020-11-25 00:38:09,44.76,-85.62,33.8,80,90,6.93
543,Antofagasta,CL,2020-11-25 00:33:43,-23.65,-70.4,60.8,77,90,8.05
544,Mogadishu,SO,2020-11-25 00:38:09,2.04,45.34,79.56,79,0,8.39
545,Bubaque,GW,2020-11-25 00:38:09,11.28,-15.83,82.42,76,0,12.73
546,Volchikha,RU,2020-11-25 00:38:09,52.03,80.38,14.49,97,90,2.42
547,Provideniya,RU,2020-11-25 00:38:09,64.38,-173.3,39.2,86,90,29.08
548,Udachnyy,RU,2020-11-25 00:38:10,66.42,112.4,-0.4,84,0,6.71
549,Ocean City,US,2020-11-25 00:35:20,39.28,-74.57,43.0,74,1,2.44
550,Mapiri,BO,2020-11-25 00:38:10,-15.25,-68.17,78.75,56,57,0.96
551,Yamada,JP,2020-11-25 00:38:10,39.47,141.95,49.91,50,100,1.92
552,Cap-Aux-Meules,CA,2020-11-25 00:38:10,47.38,-61.86,28.4,68,100,35.57
553,Pati,ID,2020-11-25 00:38:10,-6.76,111.04,83.17,73,39,8.84
554,Biak,ID,2020-11-25 00:38:11,-0.91,122.88,84.22,67,100,2.44
555,Le Port,RE,2020-11-25 00:38:11,-20.94,55.29,73.4,64,0,13.87
556,Kuah,MY,2020-11-25 00:38:11,6.33,99.84,77.0,94,20,11.14
557,Anaco,VE,2020-11-25 00:38:11,9.44,-64.47,73.65,91,84,5.66
558,Ixtapa,MX,2020-11-25 00:38:11,20.7,-105.2,80.6,83,20,9.17
559,Bereda,ES,2020-11-25 00:38:12,43.27,-7.54,52.0,100,100,17.0
560,Mandalgovi,MN,2020-11-25 00:38:12,45.76,106.27,11.35,96,100,5.5
561,Reconquista,AR,2020-11-25 00:38:12,-29.15,-59.65,83.64,38,100,10.07
562,Mpophomeni,ZA,2020-11-25 00:38:12,-29.57,30.19,57.0,97,100,3.27
563,Flin Flon,CA,2020-11-25 00:38:12,54.77,-101.86,8.6,92,75,3.94
564,Hambantota,LK,2020-11-25 00:38:12,6.12,81.12,75.2,100,20,3.36
565,South Venice,US,2020-11-25 00:38:12,27.05,-82.42,73.99,60,90,8.05
566,Zyryanka,RU,2020-11-25 00:38:12,65.75,150.85,-1.53,91,100,17.05
567,Talnakh,RU,2020-11-25 00:37:03,69.49,88.4,15.8,92,75,15.66
568,Esperance,AU,2020-11-25 00:38:13,-33.87,121.9,60.8,72,90,19.46
